{
  "manifest_path": "output/17_ji_chorale.analysis.json",
  "mix": {
    "artifacts": {
      "band_energy": "output/17_ji_chorale.mix_band_energy.png",
      "spectrogram": "output/17_ji_chorale.mix_spectrogram.png",
      "spectrum": "output/17_ji_chorale.mix_spectrum.png"
    },
    "summary": {
      "band_energy_db": {
        "air": -70.71504476903026,
        "bass": 15.471647044188115,
        "high": -39.028821723510625,
        "low_mid": 12.237703110446759,
        "mid": -9.832639901115508,
        "sub": -18.802251226868265
      },
      "dominant_frequency_hz": 328.38134765625,
      "duration_seconds": 154.5,
      "low_high_balance_db": 54.50046876769874,
      "peak_dbfs": -6.1455434388670245,
      "reference_tilt_db_per_octave": -3.0,
      "rms_dbfs": -19.98177197070839,
      "spectral_centroid_hz": 777.1398427704719,
      "spectral_tilt_db_per_octave": -15.75409517947155,
      "tilt_error_db_per_octave": -12.75409517947155,
      "warnings": [
        "low band dominates high band strongly",
        "spectrum falls off faster than the reference tilt"
      ]
    }
  },
  "reference_tilt_db_per_octave": -3.0,
  "score": {
    "artifacts": {
      "density": "output/17_ji_chorale.score_density.png"
    },
    "summary": {
      "frequency_range_hz": [
        91.66666666666667,
        880.0
      ],
      "max_attack_density_hz": 6.0,
      "mean_attack_density_hz": 1.2838709677419355,
      "mean_simultaneous_notes": 5.32258064516129,
      "note_count": 199,
      "notes_per_second": 1.2880258899676376,
      "partial_range": null,
      "peak_simultaneous_notes": 11,
      "total_duration_seconds": 154.5,
      "voice_count": 5,
      "voice_summaries": {
        "alto": {
          "attack_rate_hz": 0.1423948220064725,
          "max_frequency_hz": 550.0,
          "mean_frequency_hz": 276.58333333333337,
          "mean_note_duration_seconds": 7.572727272727272,
          "min_frequency_hz": 183.33333333333334,
          "note_count": 22
        },
        "bass": {
          "attack_rate_hz": 0.1423948220064725,
          "max_frequency_hz": 183.33333333333334,
          "mean_frequency_hz": 139.79166666666666,
          "mean_note_duration_seconds": 7.304545454545456,
          "min_frequency_hz": 91.66666666666667,
          "note_count": 22
        },
        "counter": {
          "attack_rate_hz": 0.22653721682847897,
          "max_frequency_hz": 412.5,
          "mean_frequency_hz": 322.45714285714286,
          "mean_note_duration_seconds": 2.7102857142857144,
          "min_frequency_hz": 275.0,
          "note_count": 35
        },
        "lead": {
          "attack_rate_hz": 0.6407766990291263,
          "max_frequency_hz": 880.0,
          "mean_frequency_hz": 442.6666666666667,
          "mean_note_duration_seconds": 1.4343434343434343,
          "min_frequency_hz": 264.0,
          "note_count": 99
        },
        "tenor": {
          "attack_rate_hz": 0.13592233009708737,
          "max_frequency_hz": 220.0,
          "mean_frequency_hz": 193.72222222222223,
          "mean_note_duration_seconds": 7.533333333333334,
          "min_frequency_hz": 146.66666666666666,
          "note_count": 21
        }
      },
      "warnings": [
        "dense texture across much of the score",
        "high attack density may feel busy or percussive"
      ]
    }
  },
  "voices": {
    "alto": {
      "artifacts": {
        "spectrum": "output/17_ji_chorale.voice_alto_spectrum.png"
      },
      "summary": {
        "band_energy_db": {
          "air": -154.18525765439887,
          "bass": -34.001869994956465,
          "high": -122.1121183896412,
          "low_mid": -13.64891935469463,
          "mid": -44.497726949261654,
          "sub": -72.68095761388741
        },
        "dominant_frequency_hz": 274.54833984375,
        "duration_seconds": 149.0,
        "low_high_balance_db": 88.11024839468473,
        "peak_dbfs": -12.89974428813905,
        "reference_tilt_db_per_octave": -3.0,
        "rms_dbfs": -29.736535426268933,
        "spectral_centroid_hz": 530.6835437225578,
        "spectral_tilt_db_per_octave": -24.322189561385827,
        "tilt_error_db_per_octave": -21.322189561385827,
        "warnings": [
          "low band dominates high band strongly",
          "spectrum falls off faster than the reference tilt"
        ]
      }
    },
    "bass": {
      "artifacts": {
        "spectrum": "output/17_ji_chorale.voice_bass_spectrum.png"
      },
      "summary": {
        "band_energy_db": {
          "air": -137.94878858191112,
          "bass": 5.380643606272108,
          "high": -118.08003141215939,
          "low_mid": -8.432659929774402,
          "mid": -74.44439799083399,
          "sub": -35.48727553278461
        },
        "dominant_frequency_hz": 183.0322265625,
        "duration_seconds": 154.5,
        "low_high_balance_db": 123.46067501843149,
        "peak_dbfs": -9.849825290546836,
        "reference_tilt_db_per_octave": -3.0,
        "rms_dbfs": -19.93307380424837,
        "spectral_centroid_hz": 193.32043964651092,
        "spectral_tilt_db_per_octave": -17.901564606890215,
        "tilt_error_db_per_octave": -14.901564606890215,
        "warnings": [
          "low band dominates high band strongly",
          "spectrum falls off faster than the reference tilt"
        ]
      }
    },
    "counter": {
      "artifacts": {
        "spectrum": "output/17_ji_chorale.voice_counter_spectrum.png"
      },
      "summary": {
        "band_energy_db": {
          "air": -119.40754058523235,
          "bass": -41.976323495797764,
          "high": -87.06137421397807,
          "low_mid": -3.430017609641346,
          "mid": -32.05977994254172,
          "sub": -54.5005690433169
        },
        "dominant_frequency_hz": 328.38134765625,
        "duration_seconds": 150.06,
        "low_high_balance_db": 45.085050718180305,
        "peak_dbfs": -13.81864620155978,
        "reference_tilt_db_per_octave": -3.0,
        "rms_dbfs": -23.92273491512605,
        "spectral_centroid_hz": 803.4066336918294,
        "spectral_tilt_db_per_octave": -19.75540747778747,
        "tilt_error_db_per_octave": -16.75540747778747,
        "warnings": [
          "low band dominates high band strongly",
          "spectrum falls off faster than the reference tilt"
        ]
      }
    },
    "lead": {
      "artifacts": {
        "spectrum": "output/17_ji_chorale.voice_lead_spectrum.png"
      },
      "summary": {
        "band_energy_db": {
          "air": -66.15898697270045,
          "bass": -25.493987408900935,
          "high": -40.13794802992911,
          "low_mid": 5.222781531691004,
          "mid": -12.635824219644226,
          "sub": -27.27839591903488
        },
        "dominant_frequency_hz": 441.4306640625,
        "duration_seconds": 150.0,
        "low_high_balance_db": 14.643960621028178,
        "peak_dbfs": -11.690933807771417,
        "reference_tilt_db_per_octave": -3.0,
        "rms_dbfs": -23.230539926596503,
        "spectral_centroid_hz": 1387.8229266395874,
        "spectral_tilt_db_per_octave": -12.788684972559,
        "tilt_error_db_per_octave": -9.788684972559,
        "warnings": [
          "mix leans warm and low-forward",
          "spectrum falls off faster than the reference tilt"
        ]
      }
    },
    "tenor": {
      "artifacts": {
        "spectrum": "output/17_ji_chorale.voice_tenor_spectrum.png"
      },
      "summary": {
        "band_energy_db": {
          "air": -149.09890174649223,
          "bass": -10.58385073314547,
          "high": -127.10001651785689,
          "low_mid": -9.233058311567927,
          "mid": -61.51959268665107,
          "sub": -56.99375981142369
        },
        "dominant_frequency_hz": 220.71533203125,
        "duration_seconds": 149.0,
        "low_high_balance_db": 116.51616578471142,
        "peak_dbfs": -14.462747943193719,
        "reference_tilt_db_per_octave": -3.0,
        "rms_dbfs": -29.17131805526934,