{
  "manifest_path": "output/19_ji_comma_drift.analysis.json",
  "mix": {
    "artifacts": {
      "band_energy": "output/19_ji_comma_drift.mix_band_energy.png",
      "spectrogram": "output/19_ji_comma_drift.mix_spectrogram.png",
      "spectrum": "output/19_ji_comma_drift.mix_spectrum.png"
    },
    "summary": {
      "band_energy_db": {
        "air": -44.844861266090255,
        "bass": 19.491702627346463,
        "high": -35.60473031854603,
        "low_mid": 27.68120702176754,
        "mid": -3.6073280698550354,
        "sub": -13.969238721867285
      },
      "dominant_frequency_hz": 220.71533203125,
      "duration_seconds": 58.0,
      "low_high_balance_db": 55.096432945892495,
      "peak_dbfs": 4.037350946738151,
      "reference_tilt_db_per_octave": -3.0,
      "rms_dbfs": -8.238968132410166,
      "spectral_centroid_hz": 479.1535484831075,
      "spectral_tilt_db_per_octave": -9.461116243767986,
      "tilt_error_db_per_octave": -6.461116243767986,
      "warnings": [
        "low band dominates high band strongly",
        "spectrum falls off faster than the reference tilt"
      ]
    }
  },
  "reference_tilt_db_per_octave": -3.0,
  "score": {
    "artifacts": {
      "density": "output/19_ji_comma_drift.score_density.png"
    },
    "summary": {
      "frequency_range_hz": [
        108.64197530864197,
        550.0
      ],
      "max_attack_density_hz": 7.0,
      "mean_attack_density_hz": 2.810344827586207,
      "mean_simultaneous_notes": 7.517241379310345,
      "note_count": 163,
      "notes_per_second": 2.810344827586207,
      "partial_range": null,
      "peak_simultaneous_notes": 12,
      "total_duration_seconds": 58.0,
      "voice_count": 4,
      "voice_summaries": {
        "bass": {
          "attack_rate_hz": 0.3275862068965517,
          "max_frequency_hz": 165.0,
          "mean_frequency_hz": 130.81113277019708,
          "mean_note_duration_seconds": 2.2842105263157895,
          "min_frequency_hz": 108.64197530864197,
          "note_count": 19
        },
        "chord": {
          "attack_rate_hz": 0.9827586206896551,
          "max_frequency_hz": 495.0,
          "mean_frequency_hz": 326.1780737852863,
          "mean_note_duration_seconds": 2.9157894736842107,
          "min_frequency_hz": 217.28395061728395,
          "note_count": 57
        },
        "drone": {
          "attack_rate_hz": 0.017241379310344827,
          "max_frequency_hz": 220.0,
          "mean_frequency_hz": 220.0,
          "mean_note_duration_seconds": 58.0,
          "min_frequency_hz": 220.0,
          "note_count": 1
        },
        "melody": {
          "attack_rate_hz": 1.4827586206896552,
          "max_frequency_hz": 550.0,
          "mean_frequency_hz": 418.26546399974484,
          "mean_note_duration_seconds": 0.5930232558139535,
          "min_frequency_hz": 241.42661179698217,
          "note_count": 86
        }
      },
      "warnings": [
        "dense texture across much of the score",
        "high attack density may feel busy or percussive"
      ]
    }
  },
  "voices": {
    "bass": {
      "artifacts": {
        "spectrum": "output/19_ji_comma_drift.voice_bass_spectrum.png"
      },
      "summary": {
        "band_energy_db": {
          "air": -126.59777769302063,
          "bass": 11.933282859279839,
          "high": -108.40229501630829,
          "low_mid": 0.18281357872518,
          "mid": -54.19240340019485,
          "sub": -31.99275334490956
        },
        "dominant_frequency_hz": 107.666015625,
        "duration_seconds": 54.6,
        "low_high_balance_db": 120.33557787558813,
        "peak_dbfs": -10.505411932507776,
        "reference_tilt_db_per_octave": -3.0,
        "rms_dbfs": -19.97588803841491,
        "spectral_centroid_hz": 252.08342941617445,
        "spectral_tilt_db_per_octave": -18.12614187632834,
        "tilt_error_db_per_octave": -15.12614187632834,
        "warnings": [
          "low band dominates high band strongly",
          "spectrum falls off faster than the reference tilt"
        ]
      }
    },
    "chord": {
      "artifacts": {
        "spectrum": "output/19_ji_comma_drift.voice_chord_spectrum.png"
      },
      "summary": {
        "band_energy_db": {
          "air": -131.31529077446783,
          "bass": -23.141487779649655,
          "high": -106.10470199841139,
          "low_mid": 16.31111439016746,
          "mid": -22.71408243072679,
          "sub": -57.72796051037473
        },
        "dominant_frequency_hz": 328.38134765625,
        "duration_seconds": 55.51,
        "low_high_balance_db": 82.96321421876173,
        "peak_dbfs": -5.297232320109692,
        "reference_tilt_db_per_octave": -3.0,
        "rms_dbfs": -18.80058840385583,
        "spectral_centroid_hz": 460.7336665365295,
        "spectral_tilt_db_per_octave": -22.481468297595626,
        "tilt_error_db_per_octave": -19.481468297595626,
        "warnings": [
          "low band dominates high band strongly",
          "spectrum falls off faster than the reference tilt"
        ]
      }
    },
    "drone": {
      "artifacts": {
        "spectrum": "output/19_ji_comma_drift.voice_drone_spectrum.png"
      },
      "summary": {
        "band_energy_db": {
          "air": -165.71325460932275,
          "bass": -23.918981226354326,
          "high": -139.0297766115069,
          "low_mid": -22.66326890724697,
          "mid": -52.42994911100722,
          "sub": -59.795517895244046
        },
        "dominant_frequency_hz": 220.71533203125,
        "duration_seconds": 58.0,
        "low_high_balance_db": 115.11079538515256,
        "peak_dbfs": -13.15388147251248,
        "reference_tilt_db_per_octave": -3.0,
        "rms_dbfs": -19.259922939709732,
        "spectral_centroid_hz": 420.410985054213,
        "spectral_tilt_db_per_octave": -24.761182242244452,
        "tilt_error_db_per_octave": -21.761182242244452,
        "warnings": [
          "low band dominates high band strongly",
          "spectrum falls off faster than the reference tilt"
        ]
      }
    },
    "melody": {
      "artifacts": {
        "spectrum": "output/19_ji_comma_drift.voice_melody_spectrum.png"
      },
      "summary": {
        "band_energy_db": {
          "air": -48.843447894077784,
          "bass": -13.547856822599144,
          "high": -40.280858775236524,
          "low_mid": 16.64642523233738,
          "mid": -11.793758990000207,
          "sub": -19.645009151650562
        },
        "dominant_frequency_hz": 436.04736328125,
        "duration_seconds": 55.0,
        "low_high_balance_db": 26.73300195263738,
        "peak_dbfs": -7.54026973884412,
        "reference_tilt_db_per_octave": -3.0,
        "rms_dbfs": -15.98123923488185,
        "spectral_centroid_hz": 691.5681532927715,
        "spectral_tilt_db_per_octave": -8.004980536159845,
        "tilt_error_db_per_octave": -5.004980536159845,
        "warnings": [
          "low band dominates high band strongly",
          "spectrum is warmer than most pop-style balances"
        ]
      }
    }
  }
}