{
  "manifest_path": "output/versions/ji_chorale/17_ji_chorale__20260318-210450.analysis.json",
  "mix": {
    "artifacts": {
      "band_energy": "output/versions/ji_chorale/17_ji_chorale__20260318-210450.mix_band_energy.png",
      "spectrogram": "output/versions/ji_chorale/17_ji_chorale__20260318-210450.mix_spectrogram.png",
      "spectrum": "output/versions/ji_chorale/17_ji_chorale__20260318-210450.mix_spectrum.png"
    },
    "summary": {
      "band_energy_db": {
        "air": -80.09542498832619,
        "bass": 11.339880789260874,
        "high": -37.82844659867849,
        "low_mid": 7.933766416865907,
        "mid": -12.984419980245981,
        "sub": -19.38258037127855
      },
      "dominant_frequency_hz": 183.0322265625,
      "duration_seconds": 155.4285260770975,
      "low_high_balance_db": 49.168327387939364,
      "peak_dbfs": -12.14203848889511,
      "reference_tilt_db_per_octave": -3.0,
      "rms_dbfs": -24.474329290721638,
      "spectral_centroid_hz": 884.60149170209,
      "spectral_tilt_db_per_octave": -18.895209909722006,
      "tilt_error_db_per_octave": -15.895209909722006,
      "warnings": [
        "low band dominates high band strongly",
        "spectrum falls off faster than the reference tilt"
      ]
    }
  },
  "reference_tilt_db_per_octave": -3.0,
  "score": {
    "artifacts": {
      "density": "output/versions/ji_chorale/17_ji_chorale__20260318-210450.score_density.png"
    },
    "summary": {
      "frequency_range_hz": [
        91.66666666666667,
        880.0
      ],
      "max_attack_density_hz": 6.0,
      "mean_attack_density_hz": 1.3290322580645162,
      "mean_simultaneous_notes": 5.348387096774194,
      "note_count": 206,
      "notes_per_second": 1.3333333333333333,
      "partial_range": null,
      "peak_simultaneous_notes": 11,
      "total_duration_seconds": 154.5,
      "voice_count": 5,
      "voice_summaries": {
        "alto": {
          "attack_rate_hz": 0.1423948220064725,
          "max_frequency_hz": 550.0,
          "mean_frequency_hz": 276.58333333333337,
          "mean_note_duration_seconds": 7.572727272727272,
          "min_frequency_hz": 183.33333333333334,
          "note_count": 22
        },
        "bass": {
          "attack_rate_hz": 0.1553398058252427,
          "max_frequency_hz": 183.33333333333334,
          "mean_frequency_hz": 135.78125,
          "mean_note_duration_seconds": 6.654166666666668,
          "min_frequency_hz": 91.66666666666667,
          "note_count": 24
        },
        "counter": {
          "attack_rate_hz": 0.22653721682847897,
          "max_frequency_hz": 412.5,
          "mean_frequency_hz": 322.45714285714286,
          "mean_note_duration_seconds": 2.7102857142857144,
          "min_frequency_hz": 275.0,
          "note_count": 35
        },
        "lead": {
          "attack_rate_hz": 0.6407766990291263,
          "max_frequency_hz": 880.0,
          "mean_frequency_hz": 442.6666666666667,
          "mean_note_duration_seconds": 1.4343434343434343,
          "min_frequency_hz": 264.0,
          "note_count": 99
        },
        "tenor": {
          "attack_rate_hz": 0.16828478964401294,
          "max_frequency_hz": 275.0,
          "mean_frequency_hz": 204.06410256410254,
          "mean_note_duration_seconds": 6.003846153846154,
          "min_frequency_hz": 146.66666666666666,
          "note_count": 26
        }
      },
      "warnings": [
        "dense texture across much of the score",
        "high attack density may feel busy or percussive"
      ]
    }
  },
  "voices": {
    "alto": {
      "artifacts": {
        "spectrum": "output/versions/ji_chorale/17_ji_chorale__20260318-210450.voice_alto_spectrum.png"
      },
      "summary": {
        "band_energy_db": {
          "air": -143.6536012447563,
          "bass": -32.636719869249724,
          "high": -117.71045371285894,
          "low_mid": -12.54114778981152,
          "mid": -43.28548122157625,
          "sub": -71.00126250425862
        },
        "dominant_frequency_hz": 274.54833984375,
        "duration_seconds": 149.82079365079366,
        "low_high_balance_db": 85.0737338436092,
        "peak_dbfs": -11.845938977619838,
        "reference_tilt_db_per_octave": -3.0,
        "rms_dbfs": -28.901122975044267,
        "spectral_centroid_hz": 531.0327238778813,
        "spectral_tilt_db_per_octave": -21.531952981385306,
        "tilt_error_db_per_octave": -18.531952981385306,
        "warnings": [
          "low band dominates high band strongly",
          "spectrum falls off faster than the reference tilt"
        ]
      }
    },
    "bass": {
      "artifacts": {
        "spectrum": "output/versions/ji_chorale/17_ji_chorale__20260318-210450.voice_bass_spectrum.png"
      },
      "summary": {
        "band_energy_db": {
          "air": -133.48305993970095,
          "bass": 6.8423789315864445,
          "high": -116.52520206100192,
          "low_mid": -6.263416356592725,
          "mid": -70.58121888678829,
          "sub": -34.5719282807105
        },
        "dominant_frequency_hz": 183.0322265625,
        "duration_seconds": 155.4285260770975,
        "low_high_balance_db": 123.36758099258836,
        "peak_dbfs": -7.9356230078290295,
        "reference_tilt_db_per_octave": -3.0,
        "rms_dbfs": -18.736532354080346,
        "spectral_centroid_hz": 203.27709843115105,
        "spectral_tilt_db_per_octave": -17.018490632860093,
        "tilt_error_db_per_octave": -14.018490632860093,
        "warnings": [
          "low band dominates high band strongly",
          "spectrum falls off faster than the reference tilt"
        ]
      }
    },
    "counter": {
      "artifacts": {
        "spectrum": "output/versions/ji_chorale/17_ji_chorale__20260318-210450.voice_counter_spectrum.png"
      },
      "summary": {
        "band_energy_db": {
          "air": -116.99698807656287,
          "bass": -42.61316056476242,
          "high": -85.88287743796289,
          "low_mid": -2.2100041512432775,
          "mid": -31.45781411678597,
          "sub": -55.8869279233468
        },
        "dominant_frequency_hz": 328.38134765625,
        "duration_seconds": 150.3603628117914,
        "low_high_balance_db": 43.26971687320047,
        "peak_dbfs": -9.73923117037996,
        "reference_tilt_db_per_octave": -3.0,
        "rms_dbfs": -23.011644646742404,
        "spectral_centroid_hz": 812.2911189062773,
        "spectral_tilt_db_per_octave": -19.196310710337908,
        "tilt_error_db_per_octave": -16.196310710337908,
        "warnings": [
          "low band dominates high band strongly",
          "spectrum falls off faster than the reference tilt"
        ]
      }
    },
    "lead": {
      "artifacts": {
        "spectrum": "output/versions/ji_chorale/17_ji_chorale__20260318-210450.voice_lead_spectrum.png"
      },
      "summary": {
        "band_energy_db": {
          "air": -98.51247914940816,
          "bass": -43.996915040668796,
          "high": -45.970282055634506,
          "low_mid": 6.805728400203177,
          "mid": -11.603746617591469,
          "sub": -50.9992630899886
        },
        "dominant_frequency_hz": 441.4306640625,
        "duration_seconds": 150.36267573696145,
        "low_high_balance_db": 1.97336701496571,
        "peak_dbfs": -4.689291329900673,
        "reference_tilt_db_per_octave": -3.0,
        "rms_dbfs": -19.56481821080757,
        "spectral_centroid_hz": 1447.7806101640879,
        "spectral_tilt_db_per_octave": -19.71103240595933,
        "tilt_error_db_per_octave": -16.71103240595933,
        "warnings": [
          "spectrum falls off faster than the reference tilt"
        ]
      }
    },
    "tenor": {
      "artifacts": {
        "spectrum": "output/versions/ji_chorale/17_ji_chorale__20260318-210450.voice_tenor_spectrum.png"
      },
      "summary": {
        "band_energy_db": {
          "air": -137.9839763023164,
          "bass": -8.836844920290785,
          "high": -120.68586738801163,