{
  "manifest_path": "output/versions/ji_chorale/17_ji_chorale__20260318-234348.analysis.json",
  "mix": {
    "artifacts": {
      "band_energy": "output/versions/ji_chorale/17_ji_chorale__20260318-234348.mix_band_energy.png",
      "spectrogram": "output/versions/ji_chorale/17_ji_chorale__20260318-234348.mix_spectrogram.png",
      "spectrum": "output/versions/ji_chorale/17_ji_chorale__20260318-234348.mix_spectrum.png"
    },
    "summary": {
      "active_window_fraction": 0.9413281753707285,
      "band_energy_db": {
        "air": -89.21288333466244,
        "bass": 9.536961873145865,
        "high": -46.97954184893703,
        "low_mid": 5.026751114260674,
        "mid": -16.436272717113642,
        "sub": -23.359671051192016
      },
      "clipped_sample_count": 0,
      "clipped_sample_fraction": 0.0,
      "clipped_true_peak": false,
      "crest_factor_db": 14.124368910599854,
      "dominant_frequency_hz": 274.54833984375,
      "duration_seconds": 155.4285260770975,
      "gated_rms_dbfs": -27.48264180290279,
      "integrated_lufs": -24.968479702455102,
      "low_high_balance_db": 56.516503722082895,
      "peak_dbfs": -13.503623618377043,
      "peak_headroom_db": 13.503623618377043,
      "reference_tilt_db_per_octave": -3.0,
      "rms_dbfs": -27.627992528976897,
      "spectral_centroid_hz": 750.2714875280986,
      "spectral_tilt_db_per_octave": -19.807448453767467,
      "tilt_error_db_per_octave": -16.807448453767467,
      "true_peak_dbfs": -12.931937748625478,
      "warnings": [
        "low band dominates high band strongly",
        "spectrum falls off faster than the reference tilt"
      ]
    }
  },
  "reference_tilt_db_per_octave": -3.0,
  "score": {
    "artifacts": {
      "density": "output/versions/ji_chorale/17_ji_chorale__20260318-234348.score_density.png"
    },
    "summary": {
      "frequency_range_hz": [
        91.66666666666667,
        880.0
      ],
      "max_attack_density_hz": 6.0,
      "mean_attack_density_hz": 1.3290322580645162,
      "mean_simultaneous_notes": 5.348387096774194,
      "note_count": 206,
      "notes_per_second": 1.3333333333333333,
      "partial_range": null,
      "peak_simultaneous_notes": 11,
      "total_duration_seconds": 154.5,
      "voice_count": 5,
      "voice_summaries": {
        "alto": {
          "attack_rate_hz": 0.1423948220064725,
          "max_frequency_hz": 550.0,
          "mean_frequency_hz": 276.58333333333337,
          "mean_note_duration_seconds": 7.572727272727272,
          "min_frequency_hz": 183.33333333333334,
          "note_count": 22
        },
        "bass": {
          "attack_rate_hz": 0.1553398058252427,
          "max_frequency_hz": 183.33333333333334,
          "mean_frequency_hz": 135.78125,
          "mean_note_duration_seconds": 6.654166666666668,
          "min_frequency_hz": 91.66666666666667,
          "note_count": 24
        },
        "counter": {
          "attack_rate_hz": 0.22653721682847897,
          "max_frequency_hz": 412.5,
          "mean_frequency_hz": 322.45714285714286,
          "mean_note_duration_seconds": 2.7102857142857144,
          "min_frequency_hz": 275.0,
          "note_count": 35
        },
        "lead": {
          "attack_rate_hz": 0.6407766990291263,
          "max_frequency_hz": 880.0,
          "mean_frequency_hz": 442.6666666666667,
          "mean_note_duration_seconds": 1.4343434343434343,
          "min_frequency_hz": 264.0,
          "note_count": 99
        },
        "tenor": {
          "attack_rate_hz": 0.16828478964401294,
          "max_frequency_hz": 275.0,
          "mean_frequency_hz": 204.06410256410254,
          "mean_note_duration_seconds": 6.003846153846154,
          "min_frequency_hz": 146.66666666666666,
          "note_count": 26
        }
      },
      "warnings": [
        "dense texture across much of the score",
        "high attack density may feel busy or percussive"
      ]
    }
  },
  "voices": {
    "alto": {
      "artifacts": {
        "spectrum": "output/versions/ji_chorale/17_ji_chorale__20260318-234348.voice_alto_spectrum.png"
      },
      "summary": {
        "active_window_fraction": 0.9210702341137124,
        "band_energy_db": {
          "air": -143.40420772753112,
          "bass": -30.083854391229156,
          "high": -117.11333985673785,
          "low_mid": -10.480861768773014,
          "mid": -38.40585432341911,
          "sub": -69.40553632481934
        },
        "clipped_sample_count": 0,
        "clipped_sample_fraction": 0.0,
        "clipped_true_peak": false,
        "crest_factor_db": 16.45963558848983,
        "dominant_frequency_hz": 274.54833984375,
        "duration_seconds": 149.82079365079366,
        "gated_rms_dbfs": -26.253514978607985,
        "integrated_lufs": -23.999999999999996,
        "low_high_balance_db": 87.0294854655087,
        "peak_dbfs": -10.147757803767647,
        "peak_headroom_db": 10.147757803767647,
        "reference_tilt_db_per_octave": -3.0,
        "rms_dbfs": -26.607393392257478,
        "spectral_centroid_hz": 459.23675717421634,
        "spectral_tilt_db_per_octave": -21.92114312687278,
        "tilt_error_db_per_octave": -18.92114312687278,
        "true_peak_dbfs": -9.232633326633877,
        "warnings": [
          "low band dominates high band strongly",
          "spectrum falls off faster than the reference tilt"
        ]
      }
    },
    "bass": {
      "artifacts": {
        "spectrum": "output/versions/ji_chorale/17_ji_chorale__20260318-234348.voice_bass_spectrum.png"
      },
      "summary": {
        "active_window_fraction": 0.961960025789813,
        "band_energy_db": {
          "air": -140.63012726753394,
          "bass": -0.6169127116785053,
          "high": -122.6474145698311,
          "low_mid": -12.30472515431773,
          "mid": -46.555458354198315,
          "sub": -41.98377493694274
        },
        "clipped_sample_count": 0,
        "clipped_sample_fraction": 0.0,
        "clipped_true_peak": false,
        "crest_factor_db": 10.485459519925206,
        "dominant_frequency_hz": 183.0322265625,
        "duration_seconds": 155.4285260770975,
        "gated_rms_dbfs": -25.745012442121823,
        "integrated_lufs": -24.0,
        "low_high_balance_db": 122.03050185815259,
        "peak_dbfs": -15.41891047093407,
        "peak_headroom_db": 15.41891047093407,
        "reference_tilt_db_per_octave": -3.0,
        "rms_dbfs": -25.904369990859276,
        "spectral_centroid_hz": 310.1348116072347,
        "spectral_tilt_db_per_octave": -20.185152400428734,
        "tilt_error_db_per_octave": -17.185152400428734,
        "true_peak_dbfs": -14.883415096658698,
        "warnings": [
          "low band dominates high band strongly",
          "spectrum falls off faster than the reference tilt"
        ]
      }
    },
    "counter": {
      "artifacts": {
        "spectrum": "output/versions/ji_chorale/17_ji_chorale__20260318-234348.voice_counter_spectrum.png"
      },
      "summary": {
        "active_window_fraction": 0.6313333333333333,
        "band_energy_db": {
          "air": -122.42169107136185,
          "bass": -48.037863559556406,
          "high": -91.30758043275601,
          "low_mid": -7.634707146037279,
          "mid": -36.88251711157997,
          "sub": -61.31163091814079
        },
        "clipped_sample_count": 0,
        "clipped_sample_fraction": 0.0,
        "clipped_true_peak": false,
        "crest_factor_db": 13.272413476362448,
        "dominant_frequency_hz": 328.38134765625,
        "duration_seconds": 150.3603628117914,
        "gated_rms_dbfs": -26.473562777024856,
        "integrated_lufs": -24.0,
        "low_high_balance_db": 43.269716873199606,
        "peak_dbfs": -15.16393416517396,
        "peak_headroom_db": 15.16393416517396,
        "reference_tilt_db_per_octave": -3.0,
        "rms_dbfs": -28.436347641536408,
        "spectral_centroid_hz": 812.2911189062773,
        "spectral_tilt_db_per_octave": -19.19631071033961,